Indicator,LOCATION,Country,TIME,Time,Value
Total number of national feature films produced,AUS,Australia,2011,2011,43
Total number of national feature films produced,AUS,Australia,2012,2012,29
Total number of national feature films produced,AUS,Australia,2013,2013,26
Total number of national feature films produced,AUS,Australia,2014,2014,39
Total number of national feature films produced,AUS,Australia,2015,2015,33
Total number of national feature films produced,AUS,Australia,2016,2016,42
Total number of national feature films produced,AUS,Australia,2017,2017,55
Total number of national feature films produced,AUT,Austria,2011,2011,54
Total number of national feature films produced,AUT,Austria,2012,2012,54
Total number of national feature films produced,AUT,Austria,2013,2013,46
Total number of national feature films produced,AUT,Austria,2014,2014,45
Total number of national feature films produced,AUT,Austria,2015,2015,40
Total number of national feature films produced,AUT,Austria,2016,2016,46
Total number of national feature films produced,AUT,Austria,2017,2017,44
Total number of national feature films produced,BEL,Belgium,2011,2011,42
Total number of national feature films produced,BEL,Belgium,2012,2012,55
Total number of national feature films produced,BEL,Belgium,2013,2013,70
Total number of national feature films produced,BEL,Belgium,2014,2014,73
Total number of national feature films produced,BEL,Belgium,2015,2015,69
Total number of national feature films produced,BEL,Belgium,2016,2016,81
Total number of national feature films produced,BEL,Belgium,2017,2017,87
Total number of national feature films produced,CAN,Canada,2011,2011,86
Total number of national feature films produced,CAN,Canada,2012,2012,98
Total number of national feature films produced,CAN,Canada,2013,2013,93
Total number of national feature films produced,CAN,Canada,2014,2014,94
Total number of national feature films produced,CAN,Canada,2015,2015,103
Total number of national feature films produced,CAN,Canada,2016,2016,105
Total number of national feature films produced,CAN,Canada,2017,2017,92
Total number of national feature films produced,CZE,Czechia,2011,2011,45
Total number of national feature films produced,CZE,Czechia,2012,2012,46
Total number of national feature films produced,CZE,Czechia,2013,2013,45
Total number of national feature films produced,CZE,Czechia,2014,2014,61
Total number of national feature films produced,CZE,Czechia,2015,2015,56
Total number of national feature films produced,CZE,Czechia,2016,2016,79
Total number of national feature films produced,CZE,Czechia,2017,2017,54
Total number of national feature films produced,DNK,Denmark,2011,2011,43
Total number of national feature films produced,DNK,Denmark,2012,2012,59
Total number of national feature films produced,DNK,Denmark,2013,2013,69
Total number of national feature films produced,DNK,Denmark,2014,2014,55
Total number of national feature films produced,DNK,Denmark,2015,2015,71
Total number of national feature films produced,DNK,Denmark,2016,2016,62
Total number of national feature films produced,DNK,Denmark,2017,2017,54
Total number of national feature films produced,FIN,Finland,2011,2011,42
Total number of national feature films produced,FIN,Finland,2012,2012,49
Total number of national feature films produced,FIN,Finland,2013,2013,49
Total number of national feature films produced,FIN,Finland,2014,2014,46
Total number of national feature films produced,FIN,Finland,2015,2015,45
Total number of national feature films produced,FIN,Finland,2016,2016,38
Total number of national feature films produced,FIN,Finland,2017,2017,41
Total number of national feature films produced,FRA,France,2011,2011,272
Total number of national feature films produced,FRA,France,2012,2012,279
Total number of national feature films produced,FRA,France,2013,2013,270
Total number of national feature films produced,FRA,France,2014,2014,258
Total number of national feature films produced,FRA,France,2015,2015,300
Total number of national feature films produced,FRA,France,2016,2016,283
Total number of national feature films produced,FRA,France,2017,2017,300
Total number of national feature films produced,DEU,Germany,2011,2011,212
Total number of national feature films produced,DEU,Germany,2012,2012,220
Total number of national feature films produced,DEU,Germany,2013,2013,223
Total number of national feature films produced,DEU,Germany,2014,2014,229
Total number of national feature films produced,DEU,Germany,2015,2015,226
Total number of national feature films produced,DEU,Germany,2016,2016,244
Total number of national feature films produced,DEU,Germany,2017,2017,233
Total number of national feature films produced,GRC,Greece,2011,2011,43
Total number of national feature films produced,GRC,Greece,2012,2012,44
Total number of national feature films produced,GRC,Greece,2013,2013,69
Total number of national feature films produced,GRC,Greece,2014,2014,43
Total number of national feature films produced,GRC,Greece,2015,2015,42
Total number of national feature films produced,GRC,Greece,2016,2016,73
Total number of national feature films produced,GRC,Greece,2017,2017,85
Total number of national feature films produced,HUN,Hungary,2012,2012,32
Total number of national feature films produced,HUN,Hungary,2013,2013,38
Total number of national feature films produced,HUN,Hungary,2015,2015,41
Total number of national feature films produced,HUN,Hungary,2016,2016,51
Total number of national feature films produced,HUN,Hungary,2017,2017,37
Total number of national feature films produced,ISL,Iceland,2011,2011,13
Total number of national feature films produced,ISL,Iceland,2012,2012,8
Total number of national feature films produced,ISL,Iceland,2013,2013,7
Total number of national feature films produced,ISL,Iceland,2014,2014,15
Total number of national feature films produced,ISL,Iceland,2015,2015,13
Total number of national feature films produced,ISL,Iceland,2016,2016,23
Total number of national feature films produced,ISL,Iceland,2017,2017,13
Total number of national feature films produced,IRL,Ireland,2011,2011,32
Total number of national feature films produced,IRL,Ireland,2012,2012,38
Total number of national feature films produced,IRL,Ireland,2013,2013,34
Total number of national feature films produced,IRL,Ireland,2014,2014,33
Total number of national feature films produced,IRL,Ireland,2015,2015,33
Total number of national feature films produced,IRL,Ireland,2016,2016,29
Total number of national feature films produced,ITA,Italy,2011,2011,155
Total number of national feature films produced,ITA,Italy,2012,2012,166
Total number of national feature films produced,ITA,Italy,2013,2013,167
Total number of national feature films produced,ITA,Italy,2014,2014,201
Total number of national feature films produced,ITA,Italy,2015,2015,185
Total number of national feature films produced,ITA,Italy,2016,2016,165
Total number of national feature films produced,ITA,Italy,2017,2017,173
Total number of national feature films produced,JPN,Japan,2011,2011,441
Total number of national feature films produced,JPN,Japan,2012,2012,554
Total number of national feature films produced,JPN,Japan,2013,2013,591
Total number of national feature films produced,JPN,Japan,2014,2014,615
Total number of national feature films produced,JPN,Japan,2015,2015,581
Total number of national feature films produced,JPN,Japan,2016,2016,610
Total number of national feature films produced,JPN,Japan,2017,2017,594
Total number of national feature films produced,KOR,Republic of Korea,2011,2011,216
Total number of national feature films produced,KOR,Republic of Korea,2012,2012,204
Total number of national feature films produced,KOR,Republic of Korea,2013,2013,207
Total number of national feature films produced,KOR,Republic of Korea,2014,2014,248
Total number of national feature films produced,KOR,Republic of Korea,2015,2015,269
Total number of national feature films produced,KOR,Republic of Korea,2016,2016,339
Total number of national feature films produced,KOR,Republic of Korea,2017,2017,494
Total number of national feature films produced,LUX,Luxembourg,2011,2011,16
Total number of national feature films produced,LUX,Luxembourg,2017,2017,13
Total number of national feature films produced,MEX,Mexico,2011,2011,73
Total number of national feature films produced,MEX,Mexico,2012,2012,112
Total number of national feature films produced,MEX,Mexico,2013,2013,126
Total number of national feature films produced,MEX,Mexico,2014,2014,130
Total number of national feature films produced,MEX,Mexico,2015,2015,140
Total number of national feature films produced,MEX,Mexico,2016,2016,162
Total number of national feature films produced,MEX,Mexico,2017,2017,176
Total number of national feature films produced,NLD,Netherlands,2011,2011,73
Total number of national feature films produced,NLD,Netherlands,2012,2012,79
Total number of national feature films produced,NLD,Netherlands,2013,2013,68
Total number of national feature films produced,NLD,Netherlands,2014,2014,87
Total number of national feature films produced,NLD,Netherlands,2015,2015,87
Total number of national feature films produced,NLD,Netherlands,2016,2016,85
Total number of national feature films produced,NLD,Netherlands,2017,2017,92
Total number of national feature films produced,NZL,New Zealand,2011,2011,25
Total number of national feature films produced,NZL,New Zealand,2012,2012,24
Total number of national feature films produced,NZL,New Zealand,2013,2013,25
Total number of national feature films produced,NZL,New Zealand,2014,2014,33
Total number of national feature films produced,NZL,New Zealand,2015,2015,28
Total number of national feature films produced,NZL,New Zealand,2016,2016,22
Total number of national feature films produced,NZL,New Zealand,2017,2017,20
Total number of national feature films produced,NOR,Norway,2011,2011,35
Total number of national feature films produced,NOR,Norway,2012,2012,26
Total number of national feature films produced,NOR,Norway,2013,2013,29
Total number of national feature films produced,NOR,Norway,2014,2014,34
Total number of national feature films produced,NOR,Norway,2015,2015,23
Total number of national feature films produced,NOR,Norway,2016,2016,30
Total number of national feature films produced,NOR,Norway,2017,2017,38
Total number of national feature films produced,POL,Poland,2011,2011,51
Total number of national feature films produced,POL,Poland,2012,2012,47
Total number of national feature films produced,POL,Poland,2013,2013,31
Total number of national feature films produced,POL,Poland,2014,2014,32
Total number of national feature films produced,POL,Poland,2015,2015,42
Total number of national feature films produced,POL,Poland,2016,2016,50
Total number of national feature films produced,POL,Poland,2017,2017,52
Total number of national feature films produced,PRT,Portugal,2011,2011,30
Total number of national feature films produced,PRT,Portugal,2012,2012,15
Total number of national feature films produced,PRT,Portugal,2013,2013,13
Total number of national feature films produced,PRT,Portugal,2014,2014,12
Total number of national feature films produced,PRT,Portugal,2015,2015,31
Total number of national feature films produced,PRT,Portugal,2016,2016,28
Total number of national feature films produced,PRT,Portugal,2017,2017,38
Total number of national feature films produced,SVK,Slovakia,2011,2011,12
Total number of national feature films produced,SVK,Slovakia,2012,2012,21
Total number of national feature films produced,SVK,Slovakia,2013,2013,22
Total number of national feature films produced,SVK,Slovakia,2014,2014,27
Total number of national feature films produced,SVK,Slovakia,2015,2015,26
Total number of national feature films produced,SVK,Slovakia,2016,2016,23
Total number of national feature films produced,SVK,Slovakia,2017,2017,27
Total number of national feature films produced,ESP,Spain,2011,2011,199
Total number of national feature films produced,ESP,Spain,2012,2012,182
Total number of national feature films produced,ESP,Spain,2013,2013,231
Total number of national feature films produced,ESP,Spain,2014,2014,216
Total number of national feature films produced,ESP,Spain,2015,2015,255
Total number of national feature films produced,ESP,Spain,2016,2016,254
Total number of national feature films produced,ESP,Spain,2017,2017,241
Total number of national feature films produced,SWE,Sweden,2011,2011,43
Total number of national feature films produced,SWE,Sweden,2012,2012,51
Total number of national feature films produced,SWE,Sweden,2013,2013,61
Total number of national feature films produced,SWE,Sweden,2014,2014,56
Total number of national feature films produced,SWE,Sweden,2015,2015,50
Total number of national feature films produced,SWE,Sweden,2016,2016,54
Total number of national feature films produced,SWE,Sweden,2017,2017,68
Total number of national feature films produced,CHE,Switzerland,2011,2011,84
Total number of national feature films produced,CHE,Switzerland,2012,2012,93
Total number of national feature films produced,CHE,Switzerland,2013,2013,103
Total number of national feature films produced,CHE,Switzerland,2014,2014,110
Total number of national feature films produced,CHE,Switzerland,2015,2015,102
Total number of national feature films produced,CHE,Switzerland,2016,2016,109
Total number of national feature films produced,CHE,Switzerland,2017,2017,118
Total number of national feature films produced,TUR,Turkey,2011,2011,70
Total number of national feature films produced,TUR,Turkey,2012,2012,61
Total number of national feature films produced,TUR,Turkey,2013,2013,85
Total number of national feature films produced,TUR,Turkey,2014,2014,109
Total number of national feature films produced,TUR,Turkey,2015,2015,137
Total number of national feature films produced,TUR,Turkey,2016,2016,135
Total number of national feature films produced,TUR,Turkey,2017,2017,148
Total number of national feature films produced,GBR,United Kingdom of Great Britain and Northern Ireland,2011,2011,299
Total number of national feature films produced,GBR,United Kingdom of Great Britain and Northern Ireland,2012,2012,326
Total number of national feature films produced,GBR,United Kingdom of Great Britain and Northern Ireland,2013,2013,241
Total number of national feature films produced,GBR,United Kingdom of Great Britain and Northern Ireland,2014,2014,339
Total number of national feature films produced,GBR,United Kingdom of Great Britain and Northern Ireland,2015,2015,298
Total number of national feature films produced,GBR,United Kingdom of Great Britain and Northern Ireland,2016,2016,317
Total number of national feature films produced,GBR,United Kingdom of Great Britain and Northern Ireland,2017,2017,285
Total number of national feature films produced,USA,United States of America,2011,2011,819
Total number of national feature films produced,USA,United States of America,2012,2012,738
Total number of national feature films produced,USA,United States of America,2013,2013,738
Total number of national feature films produced,USA,United States of America,2014,2014,649
Total number of national feature films produced,USA,United States of America,2015,2015,663
Total number of national feature films produced,USA,United States of America,2016,2016,656
Total number of national feature films produced,USA,United States of America,2017,2017,660
Total number of national feature films produced,ALB,Albania,2014,2014,3
Total number of national feature films produced,ALB,Albania,2015,2015,7
Total number of national feature films produced,DZA,Algeria,2016,2016,21
Total number of national feature films produced,DZA,Algeria,2017,2017,12
Total number of national feature films produced,AND,Andorra,2012,2012,
Total number of national feature films produced,AND,Andorra,2013,2013,
Total number of national feature films produced,AND,Andorra,2016,2016,
Total number of national feature films produced,AND,Andorra,2017,2017,
Total number of national feature films produced,AGO,Angola,2016,2016,6
Total number of national feature films produced,AGO,Angola,2017,2017,4
Total number of national feature films produced,ARG,Argentina,2011,2011,100
Total number of national feature films produced,ARG,Argentina,2012,2012,141
Total number of national feature films produced,ARG,Argentina,2013,2013,168
Total number of national feature films produced,ARG,Argentina,2014,2014,172
Total number of national feature films produced,ARG,Argentina,2015,2015,182
Total number of national feature films produced,ARG,Argentina,2016,2016,199
Total number of national feature films produced,ARG,Argentina,2017,2017,220
Total number of national feature films produced,ARM,Armenia,2011,2011,5
Total number of national feature films produced,ARM,Armenia,2012,2012,24
Total number of national feature films produced,ARM,Armenia,2013,2013,28
Total number of national feature films produced,ARM,Armenia,2014,2014,36
Total number of national feature films produced,ARM,Armenia,2015,2015,37
Total number of national feature films produced,ARM,Armenia,2016,2016,37
Total number of national feature films produced,ARM,Armenia,2017,2017,28
Total number of national feature films produced,AZE,Azerbaijan,2011,2011,63
Total number of national feature films produced,AZE,Azerbaijan,2012,2012,69
Total number of national feature films produced,AZE,Azerbaijan,2013,2013,69
Total number of national feature films produced,AZE,Azerbaijan,2014,2014,64
Total number of national feature films produced,AZE,Azerbaijan,2015,2015,53
Total number of national feature films produced,AZE,Azerbaijan,2016,2016,59
Total number of national feature films produced,AZE,Azerbaijan,2017,2017,53
Total number of national feature films produced,BGD,Bangladesh,2016,2016,23
Total number of national feature films produced,BGD,Bangladesh,2017,2017,31
Total number of national feature films produced,BLR,Belarus,2011,2011,1
Total number of national feature films produced,BOL,Bolivia (Plurinational State of),2014,2014,1
Total number of national feature films produced,BOL,Bolivia (Plurinational State of),2015,2015,6
Total number of national feature films produced,BOL,Bolivia (Plurinational State of),2016,2016,20
Total number of national feature films produced,BOL,Bolivia (Plurinational State of),2017,2017,6
Total number of national feature films produced,BIH,Bosnia and Herzegovina,2011,2011,7
Total number of national feature films produced,BIH,Bosnia and Herzegovina,2012,2012,2
Total number of national feature films produced,BIH,Bosnia and Herzegovina,2013,2013,11
Total number of national feature films produced,BIH,Bosnia and Herzegovina,2014,2014,24
Total number of national feature films produced,BIH,Bosnia and Herzegovina,2015,2015,14
Total number of national feature films produced,BIH,Bosnia and Herzegovina,2016,2016,15
Total number of national feature films produced,BIH,Bosnia and Herzegovina,2017,2017,21
Total number of national feature films produced,BRA,Brazil,2011,2011,99
Total number of national feature films produced,BRA,Brazil,2012,2012,83
Total number of national feature films produced,BRA,Brazil,2013,2013,129
Total number of national feature films produced,BRA,Brazil,2014,2014,114
Total number of national feature films produced,BRA,Brazil,2015,2015,129
Total number of national feature films produced,BRA,Brazil,2016,2016,142
Total number of national feature films produced,BRA,Brazil,2017,2017,160
Total number of national feature films produced,BGR,Bulgaria,2011,2011,15
Total number of national feature films produced,BGR,Bulgaria,2012,2012,19
Total number of national feature films produced,BGR,Bulgaria,2013,2013,15
Total number of national feature films produced,BGR,Bulgaria,2014,2014,13
Total number of national feature films produced,BGR,Bulgaria,2015,2015,25
Total number of national feature films produced,BGR,Bulgaria,2016,2016,29
Total number of national feature films produced,BGR,Bulgaria,2017,2017,24
Total number of national feature films produced,BFA,Burkina Faso,2012,2012,18
Total number of national feature films produced,BFA,Burkina Faso,2013,2013,16
Total number of national feature films produced,BFA,Burkina Faso,2014,2014,24
Total number of national feature films produced,BFA,Burkina Faso,2015,2015,5
Total number of national feature films produced,KHM,Cambodia,2011,2011,13
Total number of national feature films produced,KHM,Cambodia,2014,2014,22
Total number of national feature films produced,KHM,Cambodia,2015,2015,32
Total number of national feature films produced,KHM,Cambodia,2016,2016,38
Total number of national feature films produced,KHM,Cambodia,2017,2017,34
Total number of national feature films produced,CPV,Cabo Verde,2012,2012,
Total number of national feature films produced,CPV,Cabo Verde,2013,2013,
Total number of national feature films produced,CHL,Chile,2011,2011,23
Total number of national feature films produced,CHL,Chile,2012,2012,27
Total number of national feature films produced,CHL,Chile,2013,2013,31
Total number of national feature films produced,CHL,Chile,2014,2014,48
Total number of national feature films produced,CHL,Chile,2015,2015,38
Total number of national feature films produced,CHL,Chile,2016,2016,44
Total number of national feature films produced,CHL,Chile,2017,2017,49
Total number of national feature films produced,CHN,China,2011,2011,584
Total number of national feature films produced,CHN,China,2012,2012,745
Total number of national feature films produced,CHN,China,2013,2013,638
Total number of national feature films produced,CHN,China,2014,2014,618
Total number of national feature films produced,CHN,China,2015,2015,686
Total number of national feature films produced,CHN,China,2016,2016,853
Total number of national feature films produced,CHN,China,2017,2017,874
Total number of national feature films produced,COL,Colombia,2011,2011,18
Total number of national feature films produced,COL,Colombia,2012,2012,29
Total number of national feature films produced,COL,Colombia,2013,2013,26
Total number of national feature films produced,COL,Colombia,2014,2014,41
Total number of national feature films produced,COL,Colombia,2015,2015,56
Total number of national feature films produced,COL,Colombia,2016,2016,47
Total number of national feature films produced,COL,Colombia,2017,2017,49
Total number of national feature films produced,CRI,Costa Rica,2011,2011,3
Total number of national feature films produced,CRI,Costa Rica,2012,2012,3
Total number of national feature films produced,CRI,Costa Rica,2013,2013,2
Total number of national feature films produced,CRI,Costa Rica,2014,2014,13
Total number of national feature films produced,CRI,Costa Rica,2015,2015,14
Total number of national feature films produced,CRI,Costa Rica,2016,2016,2
Total number of national feature films produced,CRI,Costa Rica,2017,2017,13
Total number of national feature films produced,HRV,Croatia,2011,2011,9
Total number of national feature films produced,HRV,Croatia,2012,2012,22
Total number of national feature films produced,HRV,Croatia,2013,2013,26
Total number of national feature films produced,HRV,Croatia,2014,2014,16
Total number of national feature films produced,HRV,Croatia,2015,2015,14
Total number of national feature films produced,HRV,Croatia,2016,2016,4
Total number of national feature films produced,HRV,Croatia,2017,2017,6
Total number of national feature films produced,CUB,Cuba,2011,2011,10
Total number of national feature films produced,CYP,Cyprus,2011,2011,3
Total number of national feature films produced,CYP,Cyprus,2012,2012,2
Total number of national feature films produced,CYP,Cyprus,2013,2013,2
Total number of national feature films produced,CYP,Cyprus,2014,2014,2
Total number of national feature films produced,CYP,Cyprus,2015,2015,4
Total number of national feature films produced,CYP,Cyprus,2016,2016,3
Total number of national feature films produced,CYP,Cyprus,2017,2017,6
Total number of national feature films produced,DOM,Dominican Republic,2014,2014,20
Total number of national feature films produced,DOM,Dominican Republic,2015,2015,20
Total number of national feature films produced,DOM,Dominican Republic,2016,2016,20
Total number of national feature films produced,DOM,Dominican Republic,2017,2017,25
Total number of national feature films produced,ECU,Ecuador,2014,2014,27
Total number of national feature films produced,ECU,Ecuador,2015,2015,23
Total number of national feature films produced,EGY,Egypt,2011,2011,28
Total number of national feature films produced,EGY,Egypt,2012,2012,25
Total number of national feature films produced,EGY,Egypt,2013,2013,33
Total number of national feature films produced,EGY,Egypt,2014,2014,42
Total number of national feature films produced,EGY,Egypt,2015,2015,34
Total number of national feature films produced,EGY,Egypt,2016,2016,38
Total number of national feature films produced,EST,Estonia,2011,2011,13
Total number of national feature films produced,EST,Estonia,2012,2012,21
Total number of national feature films produced,EST,Estonia,2013,2013,18
Total number of national feature films produced,EST,Estonia,2014,2014,19
Total number of national feature films produced,EST,Estonia,2015,2015,25
Total number of national feature films produced,EST,Estonia,2016,2016,20
Total number of national feature films produced,EST,Estonia,2017,2017,18
Total number of national feature films produced,FJI,Fiji,2016,2016,
Total number of national feature films produced,FJI,Fiji,2017,2017,
Total number of national feature films produced,GAB,Gabon,2011,2011,10
Total number of national feature films produced,GAB,Gabon,2012,2012,10
Total number of national feature films produced,GAB,Gabon,2013,2013,9
Total number of national feature films produced,GAB,Gabon,2016,2016,
Total number of national feature films produced,GAB,Gabon,2017,2017,
Total number of national feature films produced,GEO,Georgia,2011,2011,14
Total number of national feature films produced,GEO,Georgia,2012,2012,6
Total number of national feature films produced,GEO,Georgia,2013,2013,9
Total number of national feature films produced,GEO,Georgia,2014,2014,18
Total number of national feature films produced,GEO,Georgia,2015,2015,16
Total number of national feature films produced,GEO,Georgia,2016,2016,6
Total number of national feature films produced,GEO,Georgia,2017,2017,19
Total number of national feature films produced,GUY,Guyana,2011,2011,11
Total number of national feature films produced,HND,Honduras,2012,2012,2
Total number of national feature films produced,HND,Honduras,2015,2015,5
Total number of national feature films produced,HND,Honduras,2016,2016,6
Total number of national feature films produced,HND,Honduras,2017,2017,12
Total number of national feature films produced,HKG,"China, Hong Kong Special Administrative Region",2011,2011,53
Total number of national feature films produced,HKG,"China, Hong Kong Special Administrative Region",2012,2012,52
Total number of national feature films produced,HKG,"China, Hong Kong Special Administrative Region",2013,2013,42
Total number of national feature films produced,HKG,"China, Hong Kong Special Administrative Region",2014,2014,52
Total number of national feature films produced,HKG,"China, Hong Kong Special Administrative Region",2015,2015,59
Total number of national feature films produced,HKG,"China, Hong Kong Special Administrative Region",2016,2016,61
Total number of national feature films produced,HKG,"China, Hong Kong Special Administrative Region",2017,2017,53
Total number of national feature films produced,IND,India,2011,2011,1255
Total number of national feature films produced,IND,India,2012,2012,1602
Total number of national feature films produced,IND,India,2013,2013,1724
Total number of national feature films produced,IND,India,2014,2014,1868
Total number of national feature films produced,IND,India,2015,2015,1907
Total number of national feature films produced,IND,India,2016,2016,1986
Total number of national feature films produced,IDN,Indonesia,2011,2011,84
Total number of national feature films produced,IDN,Indonesia,2012,2012,86
Total number of national feature films produced,IDN,Indonesia,2013,2013,97
Total number of national feature films produced,IDN,Indonesia,2014,2014,109
Total number of national feature films produced,IDN,Indonesia,2015,2015,114
Total number of national feature films produced,IDN,Indonesia,2016,2016,124
Total number of national feature films produced,IDN,Indonesia,2017,2017,117
Total number of national feature films produced,IRN,Iran (Islamic Republic of),2011,2011,76
Total number of national feature films produced,IRN,Iran (Islamic Republic of),2012,2012,67
Total number of national feature films produced,IRN,Iran (Islamic Republic of),2013,2013,87
Total number of national feature films produced,IRN,Iran (Islamic Republic of),2014,2014,82
Total number of national feature films produced,IRN,Iran (Islamic Republic of),2015,2015,85
Total number of national feature films produced,IRN,Iran (Islamic Republic of),2016,2016,90
Total number of national feature films produced,IRN,Iran (Islamic Republic of),2017,2017,98
Total number of national feature films produced,ISR,Israel,2011,2011,26
Total number of national feature films produced,ISR,Israel,2012,2012,40
Total number of national feature films produced,ISR,Israel,2013,2013,55
Total number of national feature films produced,ISR,Israel,2014,2014,32
Total number of national feature films produced,ISR,Israel,2015,2015,32
Total number of national feature films produced,ISR,Israel,2016,2016,30
Total number of national feature films produced,ISR,Israel,2017,2017,28
Total number of national feature films produced,KAZ,Kazakhstan,2012,2012,30
Total number of national feature films produced,KAZ,Kazakhstan,2013,2013,35
Total number of national feature films produced,KAZ,Kazakhstan,2014,2014,11
Total number of national feature films produced,KAZ,Kazakhstan,2015,2015,16
Total number of national feature films produced,KAZ,Kazakhstan,2016,2016,29
Total number of national feature films produced,KAZ,Kazakhstan,2017,2017,74
Total number of national feature films produced,KGZ,Kyrgyzstan,2011,2011,
Total number of national feature films produced,KGZ,Kyrgyzstan,2012,2012,1
Total number of national feature films produced,KGZ,Kyrgyzstan,2013,2013,2
Total number of national feature films produced,KGZ,Kyrgyzstan,2016,2016,2
Total number of national feature films produced,KGZ,Kyrgyzstan,2017,2017,1
Total number of national feature films produced,LAO,Lao People's Democratic Republic,2011,2011,
Total number of national feature films produced,LAO,Lao People's Democratic Republic,2012,2012,4
Total number of national feature films produced,LAO,Lao People's Democratic Republic,2013,2013,2
Total number of national feature films produced,LAO,Lao People's Democratic Republic,2014,2014,4
Total number of national feature films produced,LAO,Lao People's Democratic Republic,2015,2015,5
Total number of national feature films produced,LAO,Lao People's Democratic Republic,2016,2016,5
Total number of national feature films produced,LAO,Lao People's Democratic Republic,2017,2017,6
Total number of national feature films produced,LVA,Latvia,2011,2011,6
Total number of national feature films produced,LVA,Latvia,2012,2012,11
Total number of national feature films produced,LVA,Latvia,2013,2013,10
Total number of national feature films produced,LVA,Latvia,2014,2014,22
Total number of national feature films produced,LVA,Latvia,2015,2015,17
Total number of national feature films produced,LVA,Latvia,2016,2016,20
Total number of national feature films produced,LVA,Latvia,2017,2017,21
Total number of national feature films produced,LBN,Lebanon,2011,2011,14
Total number of national feature films produced,LBN,Lebanon,2012,2012,7
Total number of national feature films produced,LBN,Lebanon,2013,2013,15
Total number of national feature films produced,LBN,Lebanon,2014,2014,12
Total number of national feature films produced,LBN,Lebanon,2015,2015,15
Total number of national feature films produced,LTU,Lithuania,2011,2011,2
Total number of national feature films produced,LTU,Lithuania,2012,2012,6
Total number of national feature films produced,LTU,Lithuania,2013,2013,15
Total number of national feature films produced,LTU,Lithuania,2014,2014,15
Total number of national feature films produced,LTU,Lithuania,2015,2015,9
Total number of national feature films produced,LTU,Lithuania,2016,2016,13
Total number of national feature films produced,LTU,Lithuania,2017,2017,11
Total number of national feature films produced,MKD,North Macedonia,2011,2011,12
Total number of national feature films produced,MKD,North Macedonia,2012,2012,10
Total number of national feature films produced,MKD,North Macedonia,2013,2013,3
Total number of national feature films produced,MKD,North Macedonia,2014,2014,7
Total number of national feature films produced,MKD,North Macedonia,2015,2015,10
Total number of national feature films produced,MKD,North Macedonia,2016,2016,11
Total number of national feature films produced,MKD,North Macedonia,2017,2017,8
Total number of national feature films produced,MDG,Madagascar,2014,2014,51
Total number of national feature films produced,MDG,Madagascar,2015,2015,36
Total number of national feature films produced,MDG,Madagascar,2016,2016,14
Total number of national feature films produced,MDG,Madagascar,2017,2017,12
Total number of national feature films produced,MYS,Malaysia,2011,2011,49
Total number of national feature films produced,MYS,Malaysia,2012,2012,76
Total number of national feature films produced,MYS,Malaysia,2013,2013,71
Total number of national feature films produced,MYS,Malaysia,2014,2014,81
Total number of national feature films produced,MYS,Malaysia,2015,2015,80
Total number of national feature films produced,MYS,Malaysia,2016,2016,110
Total number of national feature films produced,MYS,Malaysia,2017,2017,85
Total number of national feature films produced,MLI,Mali,2011,2011,1
Total number of national feature films produced,MLI,Mali,2016,2016,
Total number of national feature films produced,MLI,Mali,2017,2017,1
Total number of national feature films produced,MLT,Malta,2011,2011,1
Total number of national feature films produced,MLT,Malta,2012,2012,4
Total number of national feature films produced,MLT,Malta,2013,2013,2
Total number of national feature films produced,MLT,Malta,2014,2014,5
Total number of national feature films produced,MLT,Malta,2015,2015,7
Total number of national feature films produced,MLT,Malta,2016,2016,6
Total number of national feature films produced,MLT,Malta,2017,2017,5
Total number of national feature films produced,MUS,Mauritius,2011,2011,1
Total number of national feature films produced,MUS,Mauritius,2014,2014,18
Total number of national feature films produced,MUS,Mauritius,2015,2015,9
Total number of national feature films produced,MUS,Mauritius,2016,2016,17
Total number of national feature films produced,MUS,Mauritius,2017,2017,9
Total number of national feature films produced,MDA,Republic of Moldova,2012,2012,
Total number of national feature films produced,MDA,Republic of Moldova,2013,2013,3
Total number of national feature films produced,MDA,Republic of Moldova,2014,2014,2
Total number of national feature films produced,MDA,Republic of Moldova,2015,2015,1
Total number of national feature films produced,MDA,Republic of Moldova,2016,2016,
Total number of national feature films produced,MDA,Republic of Moldova,2017,2017,
Total number of national feature films produced,MNG,Mongolia,2011,2011,13
Total number of national feature films produced,MNG,Mongolia,2012,2012,13
Total number of national feature films produced,MNG,Mongolia,2013,2013,21
Total number of national feature films produced,MNG,Mongolia,2014,2014,13
Total number of national feature films produced,MNG,Mongolia,2015,2015,41
Total number of national feature films produced,MNG,Mongolia,2016,2016,59
Total number of national feature films produced,MNG,Mongolia,2017,2017,55
Total number of national feature films produced,MAR,Morocco,2011,2011,24
Total number of national feature films produced,MAR,Morocco,2012,2012,22
Total number of national feature films produced,MAR,Morocco,2013,2013,22
Total number of national feature films produced,MAR,Morocco,2014,2014,17
Total number of national feature films produced,MAR,Morocco,2015,2015,18
Total number of national feature films produced,MAR,Morocco,2016,2016,30
Total number of national feature films produced,MAR,Morocco,2017,2017,37
Total number of national feature films produced,MOZ,Mozambique,2014,2014,11
Total number of national feature films produced,MOZ,Mozambique,2015,2015,25
Total number of national feature films produced,MOZ,Mozambique,2016,2016,23
Total number of national feature films produced,MOZ,Mozambique,2017,2017,31
Total number of national feature films produced,MMR,Myanmar,2014,2014,9
Total number of national feature films produced,MMR,Myanmar,2015,2015,32
Total number of national feature films produced,NER,Niger,2011,2011,6
Total number of national feature films produced,NGA,Nigeria,2011,2011,997
Total number of national feature films produced,OMN,Oman,2016,2016,8
Total number of national feature films produced,OMN,Oman,2017,2017,4
Total number of national feature films produced,PAK,Pakistan,2016,2016,20
Total number of national feature films produced,PAK,Pakistan,2017,2017,15
Total number of national feature films produced,PLW,Palau,2011,2011,
Total number of national feature films produced,PER,Peru,2011,2011,8
Total number of national feature films produced,PER,Peru,2012,2012,8
Total number of national feature films produced,PER,Peru,2013,2013,12
Total number of national feature films produced,PER,Peru,2014,2014,17
Total number of national feature films produced,PER,Peru,2015,2015,30
Total number of national feature films produced,PER,Peru,2016,2016,24
Total number of national feature films produced,PER,Peru,2017,2017,23
Total number of national feature films produced,PHL,Philippines,2011,2011,44
Total number of national feature films produced,PHL,Philippines,2012,2012,78
Total number of national feature films produced,PHL,Philippines,2013,2013,53
Total number of national feature films produced,PRI,Puerto Rico,2011,2011,10
Total number of national feature films produced,PRI,Puerto Rico,2012,2012,8
Total number of national feature films produced,PRI,Puerto Rico,2013,2013,6
Total number of national feature films produced,PRI,Puerto Rico,2014,2014,4
Total number of national feature films produced,PRI,Puerto Rico,2015,2015,3
Total number of national feature films produced,ROU,Romania,2011,2011,17
Total number of national feature films produced,ROU,Romania,2012,2012,38
Total number of national feature films produced,ROU,Romania,2013,2013,37
Total number of national feature films produced,ROU,Romania,2014,2014,38
Total number of national feature films produced,ROU,Romania,2015,2015,26
Total number of national feature films produced,ROU,Romania,2016,2016,32
Total number of national feature films produced,ROU,Romania,2017,2017,28
Total number of national feature films produced,RUS,Russian Federation,2011,2011,111
Total number of national feature films produced,RUS,Russian Federation,2012,2012,109
Total number of national feature films produced,RUS,Russian Federation,2013,2013,139
Total number of national feature films produced,RUS,Russian Federation,2014,2014,124
Total number of national feature films produced,RUS,Russian Federation,2015,2015,121
Total number of national feature films produced,RUS,Russian Federation,2016,2016,138
Total number of national feature films produced,RUS,Russian Federation,2017,2017,128
Total number of national feature films produced,SGP,Singapore,2011,2011,15
Total number of national feature films produced,SGP,Singapore,2012,2012,12
Total number of national feature films produced,SGP,Singapore,2013,2013,13
Total number of national feature films produced,SGP,Singapore,2014,2014,26
Total number of national feature films produced,SGP,Singapore,2015,2015,21
Total number of national feature films produced,SGP,Singapore,2016,2016,16
Total number of national feature films produced,SGP,Singapore,2017,2017,13
Total number of national feature films produced,SVN,Slovenia,2011,2011,19
Total number of national feature films produced,SVN,Slovenia,2012,2012,10
Total number of national feature films produced,SVN,Slovenia,2013,2013,13
Total number of national feature films produced,SVN,Slovenia,2014,2014,12
Total number of national feature films produced,SVN,Slovenia,2015,2015,20
Total number of national feature films produced,SVN,Slovenia,2016,2016,20
Total number of national feature films produced,SVN,Slovenia,2017,2017,21
Total number of national feature films produced,ZAF,South Africa,2011,2011,22
Total number of national feature films produced,ZAF,South Africa,2012,2012,19
Total number of national feature films produced,ZAF,South Africa,2013,2013,25
Total number of national feature films produced,ZAF,South Africa,2014,2014,23
Total number of national feature films produced,ZAF,South Africa,2015,2015,22
Total number of national feature films produced,ZAF,South Africa,2016,2016,28
Total number of national feature films produced,ZAF,South Africa,2017,2017,23
Total number of national feature films produced,LKA,Sri Lanka,2012,2012,16
Total number of national feature films produced,LKA,Sri Lanka,2013,2013,15
Total number of national feature films produced,SYR,Syrian Arab Republic,2011,2011,5
Total number of national feature films produced,TJK,Tajikistan,2012,2012,9
Total number of national feature films produced,TJK,Tajikistan,2013,2013,9
Total number of national feature films produced,THA,Thailand,2017,2017,80
Total number of national feature films produced,TGO,Togo,2012,2012,18
Total number of national feature films produced,TGO,Togo,2013,2013,23
Total number of national feature films produced,TGO,Togo,2014,2014,16
Total number of national feature films produced,TGO,Togo,2015,2015,19
Total number of national feature films produced,TGO,Togo,2016,2016,
Total number of national feature films produced,TGO,Togo,2017,2017,3
Total number of national feature films produced,TUN,Tunisia,2011,2011,11
Total number of national feature films produced,TUN,Tunisia,2012,2012,8
Total number of national feature films produced,TUN,Tunisia,2013,2013,8
Total number of national feature films produced,TUN,Tunisia,2015,2015,11
Total number of national feature films produced,UKR,Ukraine,2011,2011,3
Total number of national feature films produced,UKR,Ukraine,2012,2012,7
Total number of national feature films produced,UKR,Ukraine,2013,2013,12
Total number of national feature films produced,UKR,Ukraine,2014,2014,7
Total number of national feature films produced,UKR,Ukraine,2015,2015,3
Total number of national feature films produced,UKR,Ukraine,2016,2016,20
Total number of national feature films produced,UKR,Ukraine,2017,2017,19
Total number of national feature films produced,ARE,United Arab Emirates,2014,2014,6
Total number of national feature films produced,ARE,United Arab Emirates,2015,2015,11
Total number of national feature films produced,ARE,United Arab Emirates,2016,2016,69
Total number of national feature films produced,ARE,United Arab Emirates,2017,2017,85
Total number of national feature films produced,URY,Uruguay,2011,2011,8
Total number of national feature films produced,URY,Uruguay,2012,2012,15
Total number of national feature films produced,URY,Uruguay,2013,2013,11
Total number of national feature films produced,URY,Uruguay,2014,2014,11
Total number of national feature films produced,URY,Uruguay,2015,2015,11
Total number of national feature films produced,UZB,Uzbekistan,2012,2012,66
Total number of national feature films produced,UZB,Uzbekistan,2013,2013,53
Total number of national feature films produced,UZB,Uzbekistan,2014,2014,57
Total number of national feature films produced,UZB,Uzbekistan,2015,2015,47
Total number of national feature films produced,UZB,Uzbekistan,2016,2016,81
Total number of national feature films produced,UZB,Uzbekistan,2017,2017,92
Total number of national feature films produced,VEN,Venezuela (Bolivarian Republic of),2011,2011,16
Total number of national feature films produced,VEN,Venezuela (Bolivarian Republic of),2012,2012,13
Total number of national feature films produced,VEN,Venezuela (Bolivarian Republic of),2013,2013,21
Total number of national feature films produced,VEN,Venezuela (Bolivarian Republic of),2014,2014,17
Total number of national feature films produced,VEN,Venezuela (Bolivarian Republic of),2015,2015,29
Total number of national feature films produced,VEN,Venezuela (Bolivarian Republic of),2016,2016,26
Total number of national feature films produced,VEN,Venezuela (Bolivarian Republic of),2017,2017,16
Total number of national feature films produced,VNM,Viet Nam,2011,2011,75
Total number of national feature films produced,MAC,"China, Macao Special Administrative Region",2011,2011,1
Total number of national feature films produced,MAC,"China, Macao Special Administrative Region",2012,2012,1
Total number of national feature films produced,MAC,"China, Macao Special Administrative Region",2013,2013,4
Total number of national feature films produced,MAC,"China, Macao Special Administrative Region",2014,2014,8
Total number of national feature films produced,MAC,"China, Macao Special Administrative Region",2015,2015,7
Total number of national feature films produced,MAC,"China, Macao Special Administrative Region",2016,2016,7
Total number of national feature films produced,MAC,"China, Macao Special Administrative Region",2017,2017,5
Total number of national feature films produced,SRB,Serbia,2011,2011,29
Total number of national feature films produced,SRB,Serbia,2012,2012,29
Total number of national feature films produced,SRB,Serbia,2013,2013,18
Total number of national feature films produced,SRB,Serbia,2014,2014,35
Total number of national feature films produced,SRB,Serbia,2015,2015,35
Total number of national feature films produced,SRB,Serbia,2016,2016,38
Total number of national feature films produced,SRB,Serbia,2017,2017,36
Total number of national feature films produced,ABW,Aruba,2011,2011,
Total number of national feature films produced,BMU,Bermuda,2011,2011,
Total number of national feature films produced,BTN,Bhutan,2011,2011,29
Total number of national feature films produced,SEN,Senegal,2011,2011,5
Total number of national feature films produced,SEN,Senegal,2012,2012,2
Total number of national feature films produced,SEN,Senegal,2013,2013,3
Total number of national feature films produced,SEN,Senegal,2014,2014,3
Total number of national feature films produced,SEN,Senegal,2015,2015,3
Total number of national feature films produced,SEN,Senegal,2016,2016,5
Total number of national feature films produced,SEN,Senegal,2017,2017,2
Total number of national feature films produced,MNE,Montenegro,2011,2011,4
Total number of national feature films produced,MNE,Montenegro,2012,2012,4
Total number of national feature films produced,MNE,Montenegro,2013,2013,3
Total number of national feature films produced,MNE,Montenegro,2014,2014,10
Total number of national feature films produced,MNE,Montenegro,2015,2015,6
Total number of national feature films produced,GMB,Gambia,2012,2012,
Total number of national feature films produced,GMB,Gambia,2013,2013,
Total number of national feature films produced,BHR,Bahrain,2012,2012,
Total number of national feature films produced,BHR,Bahrain,2013,2013,
Total number of national feature films produced,ERI,Eritrea,2012,2012,41
Total number of national feature films produced,ERI,Eritrea,2013,2013,39
Total number of national feature films produced,ERI,Eritrea,2014,2014,35
Total number of national feature films produced,ERI,Eritrea,2015,2015,28
Total number of national feature films produced,ERI,Eritrea,2016,2016,15
Total number of national feature films produced,ERI,Eritrea,2017,2017,11
Total number of national feature films produced,BDI,Burundi,2014,2014,7
Total number of national feature films produced,BDI,Burundi,2015,2015,1
Total number of national feature films produced,BDI,Burundi,2016,2016,14
Total number of national feature films produced,BDI,Burundi,2017,2017,5
Total number of national feature films produced,COK,Cook Islands,2014,2014,
Total number of national feature films produced,COK,Cook Islands,2015,2015,
Total number of national feature films produced,MHL,Marshall Islands,2014,2014,
Total number of national feature films produced,MHL,Marshall Islands,2015,2015,1
Total number of national feature films produced,MHL,Marshall Islands,2016,2016,1
Total number of national feature films produced,MHL,Marshall Islands,2017,2017,
Total number of national feature films produced,PSE,Palestine,2014,2014,2
Total number of national feature films produced,PSE,Palestine,2015,2015,5
Total number of national feature films produced,PSE,Palestine,2016,2016,1
Total number of national feature films produced,PSE,Palestine,2017,2017,4
Total number of national feature films produced,SSD,South Sudan,2015,2015,43
Total number of national feature films produced,BLZ,Belize,2016,2016,
Total number of national feature films produced,BLZ,Belize,2017,2017,
Total number of national feature films produced,KWT,Kuwait,2016,2016,6
Total number of national feature films produced,KWT,Kuwait,2017,2017,6
Total number of national feature films produced,SUR,Suriname,2016,2016,
Total number of national feature films produced,SUR,Suriname,2017,2017,
Total number of national feature films produced,QAT,Qatar,2016,2016,54
Total number of national feature films produced,QAT,Qatar,2017,2017,54
Total number of national feature films produced,VCT,Saint Vincent and the Grenadines,2016,2016,
Total number of national feature films produced,VCT,Saint Vincent and the Grenadines,2017,2017,